mean_fit_time,std_fit_time,mean_score_time,std_score_time,param_model__warm_start,param_model__n_estimators,param_model__min_samples_split,param_model__min_samples_leaf,param_model__max_depth,param_model__class_weight,params,split0_test_recall,split1_test_recall,mean_test_recall,std_test_recall,rank_test_recall,split0_test_f1,split1_test_f1,mean_test_f1,std_test_f1,rank_test_f1,split0_test_precision,split1_test_precision,mean_test_precision,std_test_precision,rank_test_precision,split0_test_matthew,split1_test_matthew,mean_test_matthew,std_test_matthew,rank_test_matthew
0.14960503578186035,0.0025730133056640625,0.014750003814697266,4.315376281738281e-05,False,20,10,3,9,,"{'model__warm_start': False, 'model__n_estimators': 20, 'model__min_samples_split': 10, 'model__min_samples_leaf': 3, 'model__max_depth': 9, 'model__class_weight': None}",0.33,0.41,0.37,0.03999999999999998,99,0.4583333333333333,0.5466666666666666,0.5025,0.04416666666666666,102,0.75,0.82,0.7849999999999999,0.034999999999999976,82,0.42839420395521294,0.517819282818206,0.47310674338670944,0.04471253943149653,100
0.3213590383529663,0.0010679960250854492,0.026149988174438477,0.0017080307006835938,False,40,10,3,9,,"{'model__warm_start': False, 'model__n_estimators': 40, 'model__min_samples_split': 10, 'model__min_samples_leaf': 3, 'model__max_depth': 9, 'model__class_weight': None}",0.33,0.49,0.41000000000000003,0.07999999999999999,33,0.46153846153846156,0.6125,0.5370192307692307,0.07548076923076924,43,0.7674418604651163,0.8166666666666667,0.7920542635658915,0.02461240310077517,57,0.4363818253209522,0.5704705419555237,0.503426183638238,0.06704435831728575,41
0.4633904695510864,0.004231572151184082,0.02019953727722168,0.0018475055694580078,False,60,10,3,9,,"{'model__warm_start': False, 'model__n_estimators': 60, 'model__min_samples_split': 10, 'model__min_samples_leaf': 3, 'model__max_depth': 9, 'model__class_weight': None}",0.37,0.41,0.39,0.01999999999999999,66,0.4966442953020134,0.554054054054054,0.5253491746780337,0.02870487937602026,61,0.7551020408163265,0.8541666666666666,0.8046343537414966,0.049532312925170074,18,0.45872809670253334,0.5340104031616366,0.496369249932085,0.03764115322955164,54
0.6048336029052734,0.004322528839111328,0.032572388648986816,0.0005515813827514648,False,80,10,3,9,,"{'model__warm_start': False, 'model__n_estimators': 80, 'model__min_samples_split': 10, 'model__min_samples_leaf': 3, 'model__max_depth': 9, 'model__class_weight': None}",0.37,0.51,0.44,0.07,4,0.5,0.6296296296296298,0.5648148148148149,0.06481481481481488,5,0.7708333333333334,0.8225806451612904,0.7967069892473119,0.0258736559139785,40,0.46630955843837446,0.5867447305311377,0.5265271444847561,0.06021758604638164,5
0.7439079284667969,0.002089977264404297,0.03471100330352783,0.002957940101623535,False,100,10,3,9,,"{'model__warm_start': False, 'model__n_estimators': 100, 'model__min_samples_split': 10, 'model__min_samples_leaf': 3, 'model__max_depth': 9, 'model__class_weight': None}",0.38,0.48,0.43,0.04999999999999999,8,0.5170068027210885,0.5962732919254659,0.5566400473232771,0.0396332446021887,9,0.8085106382978723,0.7868852459016393,0.7976979420997559,0.010812696198116478,38,0.49118189586836336,0.5481790728510298,0.5196804843596966,0.028498588491333243,10
0.8774651288986206,0.004284024238586426,0.03847992420196533,0.0015419721603393555,False,120,10,3,9,,"{'model__warm_start': False, 'model__n_estimators': 120, 'model__min_samples_split': 10, 'model__min_samples_leaf': 3, 'model__max_depth': 9, 'model__class_weight': None}",0.4,0.42,0.41000000000000003,0.009999999999999981,33,0.5298013245033113,0.5526315789473685,0.5412164517253399,0.011415127222028587,35,0.7843137254901961,0.8076923076923077,0.7960030165912519,0.011689291101055821,42,0.49356162201953796,0.5187781911076178,0.5061699065635779,0.012608284544039922,34
1.004047155380249,0.007376909255981445,0.054032087326049805,0.0008070468902587891,False,140,10,3,9,,"{'model__warm_start': False, 'model__n_estimators': 140, 'model__min_samples_split': 10, 'model__min_samples_leaf': 3, 'model__max_depth': 9, 'model__class_weight': None}",0.4,0.45,0.42500000000000004,0.024999999999999994,13,0.5298013245033113,0.5806451612903226,0.5552232428968169,0.02542191839350566,12,0.7843137254901961,0.8181818181818182,0.8012477718360071,0.016934046345811082,27,0.49356162201953796,0.5444891042663047,0.5190253631429214,0.02546374112338337,11
1.157826542854309,0.005842328071594238,0.04838836193084717,0.0031124353408813477,False,160,10,3,9,,"{'model__warm_start': False, 'model__n_estimators': 160, 'model__min_samples_split': 10, 'model__min_samples_leaf': 3, 'model__max_depth': 9, 'model__class_weight': None}",0.4,0.4,0.4,0.0,48,0.5333333333333333,0.5263157894736842,0.5298245614035088,0.0035087719298245723,53,0.8,0.7692307692307693,0.7846153846153847,0.015384615384615385,86,0.5011998618129211,0.48611342647168954,0.4936566441423053,0.007543217670615776,59
1.280331015586853,0.003598809242248535,0.060270071029663086,0.00426483154296875,False,180,10,3,9,,"{'model__warm_start': False, 'model__n_estimators': 180, 'model__min_samples_split': 10, 'model__min_samples_leaf': 3, 'model__max_depth': 9, 'model__class_weight': None}",0.38,0.43,0.405,0.024999999999999994,39,0.5135135135135135,0.5620915032679739,0.5378025083907436,0.024288994877230186,41,0.7916666666666666,0.8113207547169812,0.8014937106918238,0.009827044025157272,26,0.48323476961919,0.5274324023013467,0.5053335859602683,0.022098816341078353,37
1.5397189855575562,0.005572915077209473,0.07736718654632568,0.007706999778747559,False,200,10,3,9,,"{'model__warm_start': False, 'model__n_estimators': 200, 'model__min_samples_split': 10, 'model__min_samples_leaf': 3, 'model__max_depth': 9, 'model__class_weight': None}",0.39,0.48,0.435,0.044999999999999984,5,0.5200000000000001,0.6,0.56,0.039999999999999925,7,0.78,0.8,0.79,0.010000000000000009,63,0.48458044080763624,0.5551307666372194,0.5198556037224278,0.035275162914791575,9
1.7311484813690186,0.00013947486877441406,0.07587909698486328,0.0019910335540771484,False,220,10,3,9,,"{'model__warm_start': False, 'model__n_estimators': 220, 'model__min_samples_split': 10, 'model__min_samples_leaf': 3, 'model__max_depth': 9, 'model__class_weight': None}",0.39,0.45,0.42000000000000004,0.03,17,0.5165562913907285,0.576923076923077,0.5467396841569028,0.030183392766174266,26,0.7647058823529411,0.8035714285714286,0.7841386554621849,0.01943277310924374,88,0.4770879489587018,0.5370905101865706,0.5070892295726362,0.030001280613934395,32
1.8891154527664185,0.0024393796920776367,0.09803807735443115,0.002724766731262207,False,240,10,3,9,,"{'model__warm_start': False, 'model__n_estimators': 240, 'model__min_samples_split': 10, 'model__min_samples_leaf': 3, 'model__max_depth': 9, 'model__class_weight': None}",0.4,0.41,0.405,0.004999999999999977,39,0.5298013245033113,0.5503355704697986,0.5400684474865549,0.01026712298324367,38,0.7843137254901961,0.8367346938775511,0.8105242096838736,0.026210484193677497,9,0.49356162201953796,0.5258075075041704,0.5096845647618542,0.01612294274231621,27
2.1336097717285156,0.004007101058959961,0.08860158920288086,0.006033420562744141,False,260,10,3,9,,"{'model__warm_start': False, 'model__n_estimators': 260, 'model__min_samples_split': 10, 'model__min_samples_leaf': 3, 'model__max_depth': 9, 'model__class_weight': None}",0.4,0.47,0.435,0.034999999999999976,5,0.5333333333333333,0.5987261146496815,0.5660297239915074,0.03269639065817409,4,0.8,0.8245614035087719,0.812280701754386,0.012280701754385948,7,0.5011998618129211,0.5612321399519674,0.5312160008824443,0.030016139069523162,3
2.3055179119110107,0.017405033111572266,0.09715747833251953,0.0040454864501953125,False,280,10,3,9,,"{'model__warm_start': False, 'model__n_estimators': 280, 'model__min_samples_split': 10, 'model__min_samples_leaf': 3, 'model__max_depth': 9, 'model__class_weight': None}",0.39,0.43,0.41000000000000003,0.01999999999999999,33,0.5234899328859061,0.5548387096774193,0.5391643212816627,0.015674388395756633,39,0.7959183673469388,0.7818181818181819,0.7888682745825604,0.007050092764378456,69,0.49226780210335186,0.5126226912516407,0.5024452466774962,0.010177444574144434,44
2.4634718894958496,0.004748106002807617,0.09277451038360596,0.00013434886932373047,False,300,10,3,9,,"{'model__warm_start': False, 'model__n_estimators': 300, 'model__min_samples_split': 10, 'model__min_samples_leaf': 3, 'model__max_depth': 9, 'model__class_weight': None}",0.36,0.44,0.4,0.04000000000000001,48,0.4931506849315068,0.5751633986928104,0.5341570418121586,0.041006356880651795,47,0.782608695652174,0.8301886792452831,0.8063986874487286,0.023789991796554555,12,0.4648469774020779,0.5436277396060544,0.5042373585040661,0.039390381101988226,39
2.636945128440857,0.0008291006088256836,0.08564698696136475,0.0016959905624389648,False,320,10,3,9,,"{'model__warm_start': False, 'model__n_estimators': 320, 'model__min_samples_split': 10, 'model__min_samples_leaf': 3, 'model__max_depth': 9, 'model__class_weight': None}",0.41,0.43,0.42,0.010000000000000009,19,0.543046357615894,0.5584415584415584,0.5507439580287262,0.007697600412832184,16,0.803921568627451,0.7962962962962963,0.8001089324618736,0.0038126361655773655,32,0.510035295080374,0.5199392222733921,0.5149872586768831,0.0049519635965090125,17
2.671162486076355,0.151647686958313,0.10872495174407959,0.008996129035949707,False,340,10,3,9,,"{'model__warm_start': False, 'model__n_estimators': 340, 'model__min_samples_split': 10, 'model__min_samples_leaf': 3, 'model__max_depth': 9, 'model__class_weight': None}",0.39,0.47,0.43,0.03999999999999998,8,0.5200000000000001,0.5911949685534592,0.5555974842767297,0.03559748427672954,11,0.78,0.7966101694915254,0.7883050847457627,0.008305084745762692,72,0.48458044080763624,0.546781486746652,0.5156809637771441,0.031100522969507854,15
0.21031153202056885,0.031380295753479004,0.012380480766296387,9.238719940185547e-05,False,20,7,3,9,,"{'model__warm_start': False, 'model__n_estimators': 20, 'model__min_samples_split': 7, 'model__min_samples_leaf': 3, 'model__max_depth': 9, 'model__class_weight': None}",0.38,0.48,0.43,0.04999999999999999,8,0.5066666666666666,0.5889570552147239,0.5478118609406952,0.04114519427402863,22,0.76,0.7619047619047619,0.7609523809523809,0.0009523809523809268,132,0.4679610198023514,0.5347048663091636,0.5013329430557575,0.0333719232534061,46
0.33121705055236816,0.008877992630004883,0.01598036289215088,0.0006383657455444336,False,40,7,3,9,,"{'model__warm_start': False, 'model__n_estimators': 40, 'model__min_samples_split': 7, 'model__min_samples_leaf': 3, 'model__max_depth': 9, 'model__class_weight': None}",0.37,0.4,0.385,0.015000000000000013,76,0.5034013605442177,0.5369127516778525,0.5201570561110351,0.016755695566817386,72,0.7872340425531915,0.8163265306122449,0.8017802865827182,0.0145462440295267,25,0.4740961383292557,0.5090376548037611,0.49156689656650837,0.017470758237252693,65
0.4994560480117798,0.01387012004852295,0.028264880180358887,0.005292057991027832,False,60,7,3,9,,"{'model__warm_start': False, 'model__n_estimators': 60, 'model__min_samples_split': 7, 'model__min_samples_leaf': 3, 'model__max_depth': 9, 'model__class_weight': None}",0.41,0.4,0.405,0.004999999999999977,39,0.5394736842105263,0.547945205479452,0.5437094448449892,0.0042357606344628485,30,0.7884615384615384,0.8695652173913043,0.8290133779264214,0.040551839464882944,2,0.5024458087896537,0.5338540681444086,0.5181499384670312,0.015704129677377443,13
0.655227780342102,0.0029309988021850586,0.027964115142822266,0.003876924514770508,False,80,7,3,9,,"{'model__warm_start': False, 'model__n_estimators': 80, 'model__min_samples_split': 7, 'model__min_samples_leaf': 3, 'model__max_depth': 9, 'model__class_weight': None}",0.38,0.48,0.43,0.04999999999999999,8,0.5135135135135135,0.6037735849056604,0.5586435492095869,0.045130035696073434,8,0.7916666666666666,0.8135593220338984,0.8026129943502824,0.010946327683615864,22,0.48323476961919,0.5622334780276543,0.5227341238234222,0.03949935420423217,6
0.8062534332275391,0.003950595855712891,0.036734938621520996,0.0021799802780151367,False,100,7,3,9,,"{'model__warm_start': False, 'model__n_estimators': 100, 'model__min_samples_split': 7, 'model__min_samples_leaf': 3, 'model__max_depth': 9, 'model__class_weight': None}",0.46,0.43,0.445,0.015000000000000013,2,0.5859872611464968,0.5620915032679739,0.5740393822072354,0.01194787893926147,2,0.8070175438596491,0.8113207547169812,0.8091691492883151,0.002151605428666048,10,0.545546294491162,0.5274324023013467,0.5364893483962543,0.009056946094907647,1
0.9656985998153687,0.0133134126663208,0.04068481922149658,0.006325840950012207,False,120,7,3,9,,"{'model__warm_start': False, 'model__n_estimators': 120, 'model__min_samples_split': 7, 'model__min_samples_leaf': 3, 'model__max_depth': 9, 'model__class_weight': None}",0.4,0.42,0.41000000000000003,0.009999999999999981,33,0.5263157894736842,0.5562913907284768,0.5413035901010805,0.014987800627396297,34,0.7692307692307693,0.8235294117647058,0.7963800904977376,0.027149321266968285,41,0.48611342647168954,0.5265089681412101,0.5063111973064498,0.020197770834760265,33
1.0786349773406982,0.04677700996398926,0.05135512351989746,0.0006940364837646484,False,140,7,3,9,,"{'model__warm_start': False, 'model__n_estimators': 140, 'model__min_samples_split': 7, 'model__min_samples_leaf': 3, 'model__max_depth': 9, 'model__class_weight': None}",0.42,0.44,0.43,0.010000000000000009,8,0.5454545454545454,0.567741935483871,0.5565982404692082,0.01114369501466278,10,0.7777777777777778,0.8,0.788888888888889,0.011111111111111127,67,0.503876881911261,0.5285558977589727,0.5162163898351169,0.012339507923855852,14
1.233062982559204,0.031343936920166016,0.04986405372619629,0.002343893051147461,False,160,7,3,9,,"{'model__warm_start': False, 'model__n_estimators': 160, 'model__min_samples_split': 7, 'model__min_samples_leaf': 3, 'model__max_depth': 9, 'model__class_weight': None}",0.41,0.42,0.415,0.0050000000000000044,29,0.5466666666666666,0.5490196078431373,0.547843137254902,0.0011764705882353343,21,0.82,0.7924528301886793,0.8062264150943397,0.01377358490566033,14,0.517819282818206,0.511237064996639,0.5145281739074226,0.003291108910783491,19
1.3502700328826904,0.0736849308013916,0.06496644020080566,0.0055866241455078125,False,180,7,3,9,,"{'model__warm_start': False, 'model__n_estimators': 180, 'model__min_samples_split': 7, 'model__min_samples_leaf': 3, 'model__max_depth': 9, 'model__class_weight': None}",0.38,0.42,0.4,0.01999999999999999,48,0.5170068027210885,0.5562913907284768,0.5366490967247826,0.01964229400369416,44,0.8085106382978723,0.8235294117647058,0.816020025031289,0.0075093867334167785,4,0.49118189586836336,0.5265089681412101,0.5088454320047867,0.017663536136423352,29
1.5348224639892578,0.025979280471801758,0.061208486557006836,0.002338409423828125,False,200,7,3,9,,"{'model__warm_start': False, 'model__n_estimators': 200, 'model__min_samples_split': 7, 'model__min_samples_leaf': 3, 'model__max_depth': 9, 'model__class_weight': None}",0.4,0.43,0.41500000000000004,0.014999999999999986,24,0.5298013245033113,0.5657894736842105,0.547795399093761,0.017994074590449605,23,0.7843137254901961,0.8269230769230769,0.8056184012066365,0.021304675716440402,16,0.49356162201953796,0.535110573425582,0.51433609772256,0.020774475703022016,20
1.6875139474868774,0.023836970329284668,0.073516845703125,0.009118080139160156,False,220,7,3,9,,"{'model__warm_start': False, 'model__n_estimators': 220, 'model__min_samples_split': 7, 'model__min_samples_leaf': 3, 'model__max_depth': 9, 'model__class_weight': None}",0.38,0.43,0.405,0.024999999999999994,39,0.5066666666666666,0.5584415584415584,0.5325541125541124,0.025887445887445903,52,0.76,0.7962962962962963,0.7781481481481481,0.018148148148148135,104,0.4679610198023514,0.5199392222733921,0.4939501210378717,0.02598910123552034,58
1.8374459743499756,0.008642911911010742,0.07343685626983643,0.005050778388977051,False,240,7,3,9,,"{'model__warm_start': False, 'model__n_estimators': 240, 'model__min_samples_split': 7, 'model__min_samples_leaf': 3, 'model__max_depth': 9, 'model__class_weight': None}",0.41,0.43,0.42,0.010000000000000009,19,0.543046357615894,0.5584415584415584,0.5507439580287262,0.007697600412832184,16,0.803921568627451,0.7962962962962963,0.8001089324618736,0.0038126361655773655,32,0.510035295080374,0.5199392222733921,0.5149872586768831,0.0049519635965090125,17
2.0161184072494507,0.057512640953063965,0.09077799320220947,0.001134037971496582,False,260,7,3,9,,"{'model__warm_start': False, 'model__n_estimators': 260, 'model__min_samples_split': 7, 'model__min_samples_leaf': 3, 'model__max_depth': 9, 'model__class_weight': None}",0.41,0.48,0.44499999999999995,0.035,3,0.5359477124183006,0.6075949367088608,0.5717713245635807,0.03582361214528007,3,0.7735849056603774,0.8275862068965517,0.8005855562784645,0.027000650618087152,30,0.4950417276919313,0.5694936180442793,0.5322676728681053,0.03722594517617403,2
2.137747883796692,0.06354296207427979,0.08474791049957275,0.0070029497146606445,False,280,7,3,9,,"{'model__warm_start': False, 'model__n_estimators': 280, 'model__min_samples_split': 7, 'model__min_samples_leaf': 3, 'model__max_depth': 9, 'model__class_weight': None}",0.41,0.44,0.425,0.015000000000000013,15,0.5394736842105263,0.567741935483871,0.5536078098471986,0.014134125636672323,13,0.7884615384615384,0.8,0.7942307692307693,0.005769230769230803,46,0.5024458087896537,0.5285558977589727,0.5155008532743133,0.013055044484659495,16
2.291562795639038,0.04209136962890625,0.0860518217086792,0.0026549100875854492,False,300,7,3,9,,"{'model__warm_start': False, 'model__n_estimators': 300, 'model__min_samples_split': 7, 'model__min_samples_leaf': 3, 'model__max_depth': 9, 'model__class_weight': None}",0.41,0.43,0.42,0.010000000000000009,19,0.5359477124183006,0.5584415584415584,0.5471946354299295,0.011246923011628884,25,0.7735849056603774,0.7962962962962963,0.7849406009783368,0.011355695317959436,84,0.4950417276919313,0.5199392222733921,0.5074904749826616,0.012448747290730394,31
2.500599503517151,0.08966648578643799,0.11432301998138428,0.01659691333770752,False,320,7,3,9,,"{'model__warm_start': False, 'model__n_estimators': 320, 'model__min_samples_split': 7, 'model__min_samples_leaf': 3, 'model__max_depth': 9, 'model__class_weight': None}",0.39,0.45,0.42000000000000004,0.03,17,0.5234899328859061,0.5732484076433121,0.5483691702646091,0.024879237378703012,20,0.7959183673469388,0.7894736842105263,0.7926960257787325,0.0032223415682062218,55,0.49226780210335186,0.5298604490303566,0.5110641255668542,0.01879632346350235,25
2.6637920141220093,0.12205803394317627,0.106284499168396,0.0037304162979125977,False,340,7,3,9,,"{'model__warm_start': False, 'model__n_estimators': 340, 'model__min_samples_split': 7, 'model__min_samples_leaf': 3, 'model__max_depth': 9, 'model__class_weight': None}",0.41,0.43,0.42,0.010000000000000009,19,0.5394736842105263,0.5657894736842105,0.5526315789473684,0.01315789473684209,14,0.7884615384615384,0.8269230769230769,0.8076923076923077,0.019230769230769218,11,0.5024458087896537,0.535110573425582,0.5187781911076179,0.016332382317964134,12
0.16744208335876465,0.002516031265258789,0.013243794441223145,0.001963019371032715,False,20,15,3,9,,"{'model__warm_start': False, 'model__n_estimators': 20, 'model__min_samples_split': 15, 'model__min_samples_leaf': 3, 'model__max_depth': 9, 'model__class_weight': None}",0.34,0.38,0.36,0.01999999999999999,117,0.4689655172413793,0.5170068027210885,0.49298615998123385,0.024020642739854575,121,0.7555555555555555,0.8085106382978723,0.782033096926714,0.026477541371158375,93,0.43805846389990133,0.49118189586836336,0.46462017988413234,0.026561715984231016,118
0.3011718988418579,0.011211991310119629,0.02458202838897705,0.0042580366134643555,False,40,15,3,9,,"{'model__warm_start': False, 'model__n_estimators': 40, 'model__min_samples_split': 15, 'model__min_samples_leaf': 3, 'model__max_depth': 9, 'model__class_weight': None}",0.36,0.44,0.4,0.04000000000000001,48,0.4931506849315068,0.5751633986928104,0.5341570418121586,0.041006356880651795,47,0.782608695652174,0.8301886792452831,0.8063986874487286,0.023789991796554555,12,0.4648469774020779,0.5436277396060544,0.5042373585040661,0.039390381101988226,39
0.44009101390838623,0.01962888240814209,0.0234529972076416,0.0001308917999267578,False,60,15,3,9,,"{'model__warm_start': False, 'model__n_estimators': 60, 'model__min_samples_split': 15, 'model__min_samples_leaf': 3, 'model__max_depth': 9, 'model__class_weight': None}",0.41,0.44,0.425,0.015000000000000013,15,0.5324675324675325,0.5714285714285714,0.551948051948052,0.01948051948051943,15,0.7592592592592593,0.8148148148148148,0.787037037037037,0.027777777777777735,76,0.48781454154912995,0.5360015626355231,0.5119080520923265,0.024093510543196583,23
0.5663760900497437,0.0149458646774292,0.03877556324005127,0.006577849388122559,False,80,15,3,9,,"{'model__warm_start': False, 'model__n_estimators': 80, 'model__min_samples_split': 15, 'model__min_samples_leaf': 3, 'model__max_depth': 9, 'model__class_weight': None}",0.36,0.43,0.395,0.035,56,0.4965517241379309,0.5548387096774193,0.5256952169076752,0.029143492769744206,60,0.8,0.7818181818181819,0.790909090909091,0.009090909090909094,59,0.47290558254398996,0.5126226912516407,0.49276413689781534,0.019858554353825386,63
0.712410569190979,0.030998587608337402,0.03750598430633545,0.0024460554122924805,False,100,15,3,9,,"{'model__warm_start': False, 'model__n_estimators': 100, 'model__min_samples_split': 15, 'model__min_samples_leaf': 3, 'model__max_depth': 9, 'model__class_weight': None}",0.4,0.47,0.435,0.034999999999999976,5,0.5298013245033113,0.5911949685534592,0.5604981465283853,0.030696822025073955,6,0.7843137254901961,0.7966101694915254,0.7904619474908607,0.0061482220006646715,61,0.49356162201953796,0.546781486746652,0.5201715543830949,0.026609932363556993,8
0.8922414779663086,0.0395665168762207,0.047058820724487305,0.009022951126098633,False,120,15,3,9,,"{'model__warm_start': False, 'model__n_estimators': 120, 'model__min_samples_split': 15, 'model__min_samples_leaf': 3, 'model__max_depth': 9, 'model__class_weight': None}",0.39,0.46,0.42500000000000004,0.035,13,0.5200000000000001,0.5786163522012578,0.549308176100629,0.029308176100628858,18,0.78,0.7796610169491526,0.7798305084745762,0.00016949152542372614,101,0.48458044080763624,0.5313294954656496,0.5079549681366429,0.02337452732900666,30
1.043445348739624,0.012581586837768555,0.06935453414916992,0.0050776004791259766,False,140,15,3,9,,"{'model__warm_start': False, 'model__n_estimators': 140, 'model__min_samples_split': 15, 'model__min_samples_leaf': 3, 'model__max_depth': 9, 'model__class_weight': None}",0.39,0.53,0.46,0.07,1,0.5165562913907285,0.6347305389221557,0.575643415156442,0.05908712376571362,1,0.7647058823529411,0.7910447761194029,0.777875329236172,0.013169446883230906,105,0.4770879489587018,0.582479008752242,0.529783478855472,0.052695529896770094,4
1.218743920326233,0.02103602886199951,0.05238604545593262,0.004923105239868164,False,160,15,3,9,,"{'model__warm_start': False, 'model__n_estimators': 160, 'model__min_samples_split': 15, 'model__min_samples_leaf': 3, 'model__max_depth': 9, 'model__class_weight': None}",0.35,0.43,0.39,0.04000000000000001,66,0.47619047619047616,0.5512820512820512,0.5137362637362637,0.03754578754578752,83,0.7446808510638298,0.7678571428571429,0.7562689969604863,0.011588145896656576,135,0.4399246232510403,0.5054749853690992,0.47269980431006975,0.032775181059029435,103
1.3842254877090454,0.001583695411682129,0.05666553974151611,0.0031844377517700195,False,180,15,3,9,,"{'model__warm_start': False, 'model__n_estimators': 180, 'model__min_samples_split': 15, 'model__min_samples_leaf': 3, 'model__max_depth': 9, 'model__class_weight': None}",0.36,0.43,0.395,0.035,56,0.4897959183673468,0.5584415584415584,0.5241187384044526,0.034322820037105795,64,0.7659574468085106,0.7962962962962963,0.7811268715524035,0.015169424743892823,98,0.457010380790148,0.5199392222733921,0.48847480153177003,0.031464420741622035,68
1.562716007232666,0.06655502319335938,0.08113551139831543,0.0036115646362304688,False,200,15,3,9,,"{'model__warm_start': False, 'model__n_estimators': 200, 'model__min_samples_split': 15, 'model__min_samples_leaf': 3, 'model__max_depth': 9, 'model__class_weight': None}",0.35,0.46,0.405,0.05500000000000002,39,0.47619047619047616,0.5935483870967742,0.5348694316436251,0.058678955453148995,45,0.7446808510638298,0.8363636363636363,0.790522243713733,0.04584139264990328,60,0.4399246232510403,0.5604223107736366,0.5001734670123384,0.06024884376129813,48
1.7438905239105225,0.045232534408569336,0.06862998008728027,0.0064508914947509766,False,220,15,3,9,,"{'model__warm_start': False, 'model__n_estimators': 220, 'model__min_samples_split': 15, 'model__min_samples_leaf': 3, 'model__max_depth': 9, 'model__class_weight': None}",0.4,0.43,0.41500000000000004,0.014999999999999986,24,0.5333333333333333,0.5584415584415584,0.5458874458874459,0.01255411255411254,27,0.8,0.7962962962962963,0.7981481481481482,0.0018518518518518823,35,0.5011998618129211,0.5199392222733921,0.5105695420431566,0.009369680230235489,26
1.9021226167678833,0.05648958683013916,0.07412385940551758,0.008944034576416016,False,240,15,3,9,,"{'model__warm_start': False, 'model__n_estimators': 240, 'model__min_samples_split': 15, 'model__min_samples_leaf': 3, 'model__max_depth': 9, 'model__class_weight': None}",0.37,0.41,0.39,0.01999999999999999,66,0.5034013605442177,0.5394736842105263,0.521437522377372,0.01803616183315432,69,0.7872340425531915,0.7884615384615384,0.787847790507365,0.0006137479541734603,75,0.4740961383292557,0.5024458087896537,0.4882709735594547,0.014174835230199023,69
2.0854300260543823,0.06724393367767334,0.11423146724700928,0.0294874906539917,False,260,15,3,9,,"{'model__warm_start': False, 'model__n_estimators': 260, 'model__min_samples_split': 15, 'model__min_samples_leaf': 3, 'model__max_depth': 9, 'model__class_weight': None}",0.37,0.44,0.405,0.035,39,0.5034013605442177,0.5714285714285714,0.5374149659863945,0.03401360544217685,42,0.7872340425531915,0.8148148148148148,0.8010244286840031,0.013790386130811627,29,0.4740961383292557,0.5360015626355231,0.5050488504823893,0.03095271215313372,38
2.277167558670044,0.014610528945922852,0.08725893497467041,0.004999995231628418,False,280,15,3,9,,"{'model__warm_start': False, 'model__n_estimators': 280, 'model__min_samples_split': 15, 'model__min_samples_leaf': 3, 'model__max_depth': 9, 'model__class_weight': None}",0.36,0.44,0.4,0.04000000000000001,48,0.4897959183673468,0.567741935483871,0.5287689269256088,0.03897300855826208,55,0.7659574468085106,0.8,0.7829787234042553,0.017021276595744705,90,0.457010380790148,0.5285558977589727,0.49278313927456036,0.03577275848441236,61
2.4368425607681274,0.011940360069274902,0.10407149791717529,0.010785460472106934,False,300,15,3,9,,"{'model__warm_start': False, 'model__n_estimators': 300, 'model__min_samples_split': 15, 'model__min_samples_leaf': 3, 'model__max_depth': 9, 'model__class_weight': None}",0.38,0.41,0.395,0.014999999999999986,56,0.5100671140939598,0.543046357615894,0.5265567358549269,0.016489621760967133,59,0.7755102040816326,0.803921568627451,0.7897158863545418,0.014205682272909192,66,0.4754979494029426,0.510035295080374,0.49276662224165835,0.01726867283871572,62
2.570206880569458,0.0075321197509765625,0.10563766956329346,0.004262566566467285,False,320,15,3,9,,"{'model__warm_start': False, 'model__n_estimators': 320, 'model__min_samples_split': 15, 'model__min_samples_leaf': 3, 'model__max_depth': 9, 'model__class_weight': None}",0.39,0.42,0.405,0.014999999999999986,39,0.5165562913907285,0.5490196078431373,0.5327879496169329,0.016231658226204426,51,0.7647058823529411,0.7924528301886793,0.7785793562708102,0.013873473917869084,103,0.4770879489587018,0.511237064996639,0.4941625069776704,0.017074558018968594,57
2.7341489791870117,0.0276949405670166,0.12646043300628662,0.016800522804260254,False,340,15,3,9,,"{'model__warm_start': False, 'model__n_estimators': 340, 'model__min_samples_split': 15, 'model__min_samples_leaf': 3, 'model__max_depth': 9, 'model__class_weight': None}",0.39,0.44,0.41500000000000004,0.024999999999999994,24,0.5200000000000001,0.5751633986928104,0.5475816993464053,0.027581699346405142,24,0.78,0.8301886792452831,0.8050943396226415,0.025094339622641515,17,0.48458044080763624,0.5436277396060544,0.5141040902068453,0.029523649399209068,21
0.15478754043579102,0.003030538558959961,0.013414978981018066,0.00288999080657959,False,20,20,3,9,,"{'model__warm_start': False, 'model__n_estimators': 20, 'model__min_samples_split': 20, 'model__min_samples_leaf': 3, 'model__max_depth': 9, 'model__class_weight': None}",0.37,0.45,0.41000000000000003,0.04000000000000001,33,0.4966442953020134,0.5844155844155844,0.5405299398587989,0.04388564455678548,37,0.7551020408163265,0.8333333333333334,0.7942176870748299,0.039115646258503445,47,0.45872809670253334,0.5520639029976542,0.5053959998500938,0.04666790314756042,36
0.4184384346008301,0.013524532318115234,0.022893071174621582,0.00235903263092041,False,40,20,3,9,,"{'model__warm_start': False, 'model__n_estimators': 40, 'model__min_samples_split': 20, 'model__min_samples_leaf': 3, 'model__max_depth': 9, 'model__class_weight': None}",0.33,0.44,0.385,0.05499999999999999,76,0.4680851063829787,0.5751633986928104,0.5216242525378946,0.05353914615491587,68,0.8048780487804879,0.8301886792452831,0.8175333640128855,0.012655315232397601,3,0.45309623316299164,0.5436277396060544,0.498361986384523,0.04526575322153137,51
0.5437202453613281,0.030031442642211914,0.02929973602294922,0.006969451904296875,False,60,20,3,9,,"{'model__warm_start': False, 'model__n_estimators': 60, 'model__min_samples_split': 20, 'model__min_samples_leaf': 3, 'model__max_depth': 9, 'model__class_weight': None}",0.36,0.36,0.36,0.0,117,0.48648648648648657,0.5034965034965035,0.4949914949914951,0.008505008505008488,118,0.75,0.8372093023255814,0.7936046511627908,0.04360465116279072,50,0.44938434725755894,0.48973916660698646,0.4695617569322727,0.020177409674713764,107
0.6449650526046753,0.003650069236755371,0.03098893165588379,0.00023603439331054688,False,80,20,3,9,,"{'model__warm_start': False, 'model__n_estimators': 80, 'model__min_samples_split': 20, 'model__min_samples_leaf': 3, 'model__max_depth': 9, 'model__class_weight': None}",0.33,0.45,0.39,0.06,66,0.46478873239436624,0.5806451612903226,0.5227169468423445,0.05792821444797819,67,0.7857142857142857,0.8181818181818182,0.801948051948052,0.016233766233766267,24,0.4446110403153157,0.5444891042663047,0.49455007229081016,0.04993903197549451,56
0.7898775339126587,0.006410479545593262,0.03266036510467529,0.0038765668869018555,False,100,20,3,9,,"{'model__warm_start': False, 'model__n_estimators': 100, 'model__min_samples_split': 20, 'model__min_samples_leaf': 3, 'model__max_depth': 9, 'model__class_weight': None}",0.36,0.42,0.39,0.03,66,0.4931506849315068,0.5562913907284768,0.5247210378299918,0.03157035289848498,62,0.782608695652174,0.8235294117647058,0.80306905370844,0.020460358056265948,19,0.4648469774020779,0.5265089681412101,0.495677972771644,0.030830995369566072,55
0.9522345066070557,0.015228271484375,0.04856157302856445,0.00418853759765625,False,120,20,3,9,,"{'model__warm_start': False, 'model__n_estimators': 120, 'model__min_samples_split': 20, 'model__min_samples_leaf': 3, 'model__max_depth': 9, 'model__class_weight': None}",0.37,0.44,0.405,0.035,39,0.4966442953020134,0.5714285714285714,0.5340364333652924,0.037392138063278985,49,0.7551020408163265,0.8148148148148148,0.7849584278155706,0.029856386999244144,83,0.45872809670253334,0.5360015626355231,0.49736482966902823,0.03863673296649489,52
1.1176820993423462,0.00043904781341552734,0.07381236553192139,0.004779458045959473,False,140,20,3,9,,"{'model__warm_start': False, 'model__n_estimators': 140, 'model__min_samples_split': 20, 'model__min_samples_leaf': 3, 'model__max_depth': 9, 'model__class_weight': None}",0.35,0.48,0.415,0.065,29,0.48275862068965514,0.6075949367088608,0.545176778699258,0.06241815800960282,28,0.7777777777777778,0.8275862068965517,0.8026819923371648,0.02490421455938696,20,0.45548202322194564,0.5694936180442793,0.5124878206331125,0.05700579741116685,22
1.3025625944137573,0.010374665260314941,0.043076515197753906,0.0004494190216064453,False,160,20,3,9,,"{'model__warm_start': False, 'model__n_estimators': 160, 'model__min_samples_split': 20, 'model__min_samples_leaf': 3, 'model__max_depth': 9, 'model__class_weight': None}",0.36,0.41,0.385,0.024999999999999994,76,0.4931506849315068,0.543046357615894,0.5180985212737004,0.024947836342193608,77,0.782608695652174,0.803921568627451,0.7932651321398125,0.010656436487638532,52,0.4648469774020779,0.510035295080374,0.487441136241226,0.02259415883914806,73
1.4188989400863647,0.00402987003326416,0.05808460712432861,0.012392401695251465,False,180,20,3,9,,"{'model__warm_start': False, 'model__n_estimators': 180, 'model__min_samples_split': 20, 'model__min_samples_leaf': 3, 'model__max_depth': 9, 'model__class_weight': None}",0.35,0.42,0.385,0.035,76,0.47945205479452063,0.5454545454545454,0.512453300124533,0.03300124533001239,85,0.7608695652173914,0.7777777777777778,0.7693236714975846,0.008454106280193219,123,0.4475952047164953,0.503876881911261,0.47573604331387814,0.028140838597382867,93
1.6033251285552979,0.013948917388916016,0.053750038146972656,0.0007131099700927734,False,200,20,3,9,,"{'model__warm_start': False, 'model__n_estimators': 200, 'model__min_samples_split': 20, 'model__min_samples_leaf': 3, 'model__max_depth': 9, 'model__class_weight': None}",0.34,0.45,0.395,0.05499999999999999,56,0.47222222222222227,0.576923076923077,0.5245726495726496,0.05235042735042736,63,0.7727272727272727,0.8035714285714286,0.7881493506493507,0.015422077922077948,73,0.4459956481164268,0.5370905101865706,0.4915430791514987,0.04554743103507192,66
1.7099385261535645,0.007930517196655273,0.061768531799316406,0.0030744075775146484,False,220,20,3,9,,"{'model__warm_start': False, 'model__n_estimators': 220, 'model__min_samples_split': 20, 'model__min_samples_leaf': 3, 'model__max_depth': 9, 'model__class_weight': None}",0.36,0.41,0.385,0.024999999999999994,76,0.4897959183673468,0.543046357615894,0.5164211379916204,0.02662521962427361,79,0.7659574468085106,0.803921568627451,0.7849395077179808,0.01898206090947019,85,0.457010380790148,0.510035295080374,0.483522837935261,0.026512457145113022,79
1.803182601928711,0.013675689697265625,0.08202743530273438,0.002738475799560547,False,240,20,3,9,,"{'model__warm_start': False, 'model__n_estimators': 240, 'model__min_samples_split': 20, 'model__min_samples_leaf': 3, 'model__max_depth': 9, 'model__class_weight': None}",0.34,0.38,0.36,0.01999999999999999,117,0.4657534246575342,0.5205479452054794,0.4931506849315068,0.0273972602739726,120,0.7391304347826086,0.8260869565217391,0.7826086956521738,0.043478260869565244,92,0.4303434320309126,0.49935052277324327,0.4648469774020779,0.034503545371165345,117
1.945837378501892,0.017084479331970215,0.08775544166564941,0.0009794235229492188,False,260,20,3,9,,"{'model__warm_start': False, 'model__n_estimators': 260, 'model__min_samples_split': 20, 'model__min_samples_leaf': 3, 'model__max_depth': 9, 'model__class_weight': None}",0.36,0.42,0.39,0.03,66,0.4897959183673468,0.5490196078431373,0.5194077631052421,0.029611844737895243,73,0.7659574468085106,0.7924528301886793,0.779205138498595,0.013247691690084329,102,0.457010380790148,0.511237064996639,0.4841237228933935,0.027113342103245508,77
2.090472102165222,0.006887078285217285,0.10106658935546875,0.0019404888153076172,False,280,20,3,9,,"{'model__warm_start': False, 'model__n_estimators': 280, 'model__min_samples_split': 20, 'model__min_samples_leaf': 3, 'model__max_depth': 9, 'model__class_weight': None}",0.37,0.46,0.41500000000000004,0.04500000000000001,24,0.5,0.5822784810126583,0.5411392405063291,0.04113924050632917,36,0.7708333333333334,0.7931034482758621,0.7819683908045978,0.011135057471264365,94,0.46630955843837446,0.538359012150339,0.5023342852943568,0.036024726855982264,45
2.231921672821045,0.01547551155090332,0.10272085666656494,0.0008641481399536133,False,300,20,3,9,,"{'model__warm_start': False, 'model__n_estimators': 300, 'model__min_samples_split': 20, 'model__min_samples_leaf': 3, 'model__max_depth': 9, 'model__class_weight': None}",0.36,0.39,0.375,0.015000000000000013,92,0.4931506849315068,0.5200000000000001,0.5065753424657535,0.013424657534246653,96,0.782608695652174,0.78,0.781304347826087,0.00130434782608696,96,0.4648469774020779,0.48458044080763624,0.4747137091048571,0.009866731702779158,95
2.4666566848754883,0.0009753704071044922,0.10908997058868408,0.00317990779876709,False,320,20,3,9,,"{'model__warm_start': False, 'model__n_estimators': 320, 'model__min_samples_split': 20, 'model__min_samples_leaf': 3, 'model__max_depth': 9, 'model__class_weight': None}",0.38,0.41,0.395,0.014999999999999986,56,0.5135135135135135,0.543046357615894,0.5282799355647038,0.014766422051190276,56,0.7916666666666666,0.803921568627451,0.7977941176470589,0.006127450980392191,37,0.48323476961919,0.510035295080374,0.496635032349782,0.013400262730592027,53
2.6634883880615234,0.005891323089599609,0.13131463527679443,0.008990645408630371,False,340,20,3,9,,"{'model__warm_start': False, 'model__n_estimators': 340, 'model__min_samples_split': 20, 'model__min_samples_leaf': 3, 'model__max_depth': 9, 'model__class_weight': None}",0.34,0.39,0.365,0.024999999999999994,109,0.47222222222222227,0.5200000000000001,0.49611111111111117,0.02388888888888893,117,0.7727272727272727,0.78,0.7763636363636364,0.0036363636363636598,107,0.4459956481164268,0.48458044080763624,0.46528804446203154,0.01929239634560473,116
0.1600743532180786,0.0002206563949584961,0.012608051300048828,0.0008668899536132812,False,20,10,6,9,,"{'model__warm_start': False, 'model__n_estimators': 20, 'model__min_samples_split': 10, 'model__min_samples_leaf': 6, 'model__max_depth': 9, 'model__class_weight': None}",0.34,0.4,0.37,0.03,99,0.47887323943661975,0.5369127516778525,0.5078929955572361,0.029019756120616358,93,0.8095238095238095,0.8163265306122449,0.8129251700680272,0.003401360544217691,6,0.4625879910061928,0.5090376548037611,0.48581282290497696,0.023224831898784132,75
0.2758239507675171,0.002072930335998535,0.025841951370239258,0.0004150867462158203,False,40,10,6,9,,"{'model__warm_start': False, 'model__n_estimators': 40, 'model__min_samples_split': 10, 'model__min_samples_leaf': 6, 'model__max_depth': 9, 'model__class_weight': None}",0.4,0.39,0.395,0.0050000000000000044,56,0.5333333333333333,0.5200000000000001,0.5266666666666667,0.006666666666666599,58,0.8,0.78,0.79,0.010000000000000009,63,0.5011998618129211,0.48458044080763624,0.4928901513102787,0.008309710502642426,60
0.4468344449996948,0.0008674860000610352,0.023396611213684082,0.0028225183486938477,False,60,10,6,9,,"{'model__warm_start': False, 'model__n_estimators': 60, 'model__min_samples_split': 10, 'model__min_samples_leaf': 6, 'model__max_depth': 9, 'model__class_weight': None}",0.42,0.38,0.4,0.01999999999999999,48,0.5454545454545454,0.5241379310344828,0.5347962382445142,0.010658307210031304,46,0.7777777777777778,0.8444444444444444,0.8111111111111111,0.033333333333333326,8,0.503876881911261,0.5077527011880786,0.5058147915496698,0.0019379096384087857,35
0.6328625679016113,0.00887441635131836,0.03919994831085205,0.0012131929397583008,False,80,10,6,9,,"{'model__warm_start': False, 'model__n_estimators': 80, 'model__min_samples_split': 10, 'model__min_samples_leaf': 6, 'model__max_depth': 9, 'model__class_weight': None}",0.37,0.44,0.405,0.035,39,0.5103448275862069,0.5789473684210525,0.5446460980036297,0.03430127041742281,29,0.8222222222222222,0.8461538461538461,0.8341880341880341,0.011965811965811979,1,0.49032914186603427,0.5514429557435462,0.5208860488047902,0.030556906938755957,7
0.777740478515625,0.015531539916992188,0.03980696201324463,0.001073002815246582,False,100,10,6,9,,"{'model__warm_start': False, 'model__n_estimators': 100, 'model__min_samples_split': 10, 'model__min_samples_leaf': 6, 'model__max_depth': 9, 'model__class_weight': None}",0.33,0.39,0.36,0.03,117,0.46153846153846156,0.527027027027027,0.49428274428274427,0.032744282744282704,119,0.7674418604651163,0.8125,0.7899709302325582,0.022529069767441845,65,0.4363818253209522,0.5001599808000056,0.4682709030604789,0.03188907773952668,111
0.9567965269088745,0.00648653507232666,0.04424595832824707,0.0010190010070800781,False,120,10,6,9,,"{'model__warm_start': False, 'model__n_estimators': 120, 'model__min_samples_split': 10, 'model__min_samples_leaf': 6, 'model__max_depth': 9, 'model__class_weight': None}",0.38,0.41,0.395,0.014999999999999986,56,0.5066666666666666,0.5359477124183006,0.5213071895424837,0.01464052287581702,70,0.76,0.7735849056603774,0.7667924528301887,0.0067924528301887,126,0.4679610198023514,0.4950417276919313,0.4815013737471413,0.013540353944789946,85
1.1163949966430664,0.01437997817993164,0.057740092277526855,0.0009490251541137695,False,140,10,6,9,,"{'model__warm_start': False, 'model__n_estimators': 140, 'model__min_samples_split': 10, 'model__min_samples_leaf': 6, 'model__max_depth': 9, 'model__class_weight': None}",0.4,0.43,0.41500000000000004,0.014999999999999986,24,0.5263157894736842,0.5584415584415584,0.5423786739576213,0.016062884483937112,32,0.7692307692307693,0.7962962962962963,0.7827635327635327,0.013532763532763503,91,0.48611342647168954,0.5199392222733921,0.5030263243725408,0.016912897900851265,43
1.3201255798339844,0.008284568786621094,0.0669330358505249,0.001540064811706543,False,160,10,6,9,,"{'model__warm_start': False, 'model__n_estimators': 160, 'model__min_samples_split': 10, 'model__min_samples_leaf': 6, 'model__max_depth': 9, 'model__class_weight': None}",0.37,0.43,0.4,0.03,48,0.4966442953020134,0.5695364238410596,0.5330903595715365,0.0364460642695231,50,0.7551020408163265,0.8431372549019608,0.7991196478591436,0.04401760704281715,34,0.45872809670253334,0.5429826412020462,0.5008553689522898,0.04212727224975643,47
1.5034685134887695,0.014968633651733398,0.06366896629333496,0.003061056137084961,False,180,10,6,9,,"{'model__warm_start': False, 'model__n_estimators': 180, 'model__min_samples_split': 10, 'model__min_samples_leaf': 6, 'model__max_depth': 9, 'model__class_weight': None}",0.32,0.37,0.345,0.024999999999999994,135,0.44755244755244755,0.5068493150684931,0.47720088131047034,0.029648433758022757,135,0.7441860465116279,0.8043478260869565,0.7742669362992922,0.030080889787664322,114,0.41859604489227414,0.48209875008766057,0.4503473974899673,0.03175135259769321,135
1.6907035112380981,0.0133134126663208,0.07278597354888916,0.0064650774002075195,False,200,10,6,9,,"{'model__warm_start': False, 'model__n_estimators': 200, 'model__min_samples_split': 10, 'model__min_samples_leaf': 6, 'model__max_depth': 9, 'model__class_weight': None}",0.34,0.4,0.37,0.03,99,0.4657534246575342,0.5298013245033113,0.49777737458042276,0.03202394992288854,113,0.7391304347826086,0.7843137254901961,0.7617220801364024,0.02259164535379371,131,0.4303434320309126,0.49356162201953796,0.46195252702522527,0.03160909499431269,126
1.8625819683074951,0.013911008834838867,0.08465409278869629,0.004014015197753906,False,220,10,6,9,,"{'model__warm_start': False, 'model__n_estimators': 220, 'model__min_samples_split': 10, 'model__min_samples_leaf': 6, 'model__max_depth': 9, 'model__class_weight': None}",0.33,0.39,0.36,0.03,117,0.45517241379310347,0.5306122448979592,0.49289232934553134,0.037719915552427874,122,0.7333333333333333,0.8297872340425532,0.7815602836879432,0.04822695035460994,95,0.420634904577857,0.508267653407471,0.46445127899266403,0.04381637441480701,119
2.042235493659973,0.011808514595031738,0.09557104110717773,0.00015306472778320312,False,240,10,6,9,,"{'model__warm_start': False, 'model__n_estimators': 240, 'model__min_samples_split': 10, 'model__min_samples_leaf': 6, 'model__max_depth': 9, 'model__class_weight': None}",0.37,0.36,0.365,0.0050000000000000044,109,0.5034013605442177,0.4965517241379309,0.4999765423410743,0.003424818203143387,106,0.7872340425531915,0.8,0.7936170212765958,0.0063829787234042645,48,0.4740961383292557,0.47290558254398996,0.4735008604366228,0.0005952778926328617,98
2.201951026916504,0.000926971435546875,0.08551931381225586,0.0019423961639404297,False,260,10,6,9,,"{'model__warm_start': False, 'model__n_estimators': 260, 'model__min_samples_split': 10, 'model__min_samples_leaf': 6, 'model__max_depth': 9, 'model__class_weight': None}",0.34,0.39,0.365,0.024999999999999994,109,0.47222222222222227,0.5234899328859061,0.49785607755406414,0.025633855331841898,112,0.7727272727272727,0.7959183673469388,0.7843228200371057,0.011595547309833032,87,0.4459956481164268,0.49226780210335186,0.4691317251098893,0.02313607699346254,110
2.3395320177078247,0.0013300180435180664,0.09701311588287354,0.004911065101623535,False,280,10,6,9,,"{'model__warm_start': False, 'model__n_estimators': 280, 'model__min_samples_split': 10, 'model__min_samples_leaf': 6, 'model__max_depth': 9, 'model__class_weight': None}",0.35,0.41,0.38,0.03,85,0.47945205479452063,0.5394736842105263,0.5094628695025235,0.030010814708002848,90,0.7608695652173914,0.7884615384615384,0.774665551839465,0.013795986622073542,111,0.4475952047164953,0.5024458087896537,0.4750205067530745,0.027425302036579224,94
2.508994221687317,0.019239068031311035,0.09895992279052734,0.00024008750915527344,False,300,10,6,9,,"{'model__warm_start': False, 'model__n_estimators': 300, 'model__min_samples_split': 10, 'model__min_samples_leaf': 6, 'model__max_depth': 9, 'model__class_weight': None}",0.35,0.4,0.375,0.025000000000000022,92,0.47619047619047616,0.5263157894736842,0.5012531328320802,0.02506265664160401,104,0.7446808510638298,0.7692307692307693,0.7569558101472995,0.01227495908346976,134,0.4399246232510403,0.48611342647168954,0.4630190248613649,0.02309440161032461,125
2.6695581674575806,0.01996314525604248,0.108986496925354,0.00216066837310791,False,320,10,6,9,,"{'model__warm_start': False, 'model__n_estimators': 320, 'model__min_samples_split': 10, 'model__min_samples_leaf': 6, 'model__max_depth': 9, 'model__class_weight': None}",0.35,0.4,0.375,0.025000000000000022,92,0.47945205479452063,0.5333333333333333,0.506392694063927,0.026940639269406347,97,0.7608695652173914,0.8,0.7804347826086957,0.019565217391304346,100,0.4475952047164953,0.5011998618129211,0.4743975332647082,0.026802328548212906,96
2.8266271352767944,0.0002518892288208008,0.1084599494934082,0.007040977478027344,False,340,10,6,9,,"{'model__warm_start': False, 'model__n_estimators': 340, 'model__min_samples_split': 10, 'model__min_samples_leaf': 6, 'model__max_depth': 9, 'model__class_weight': None}",0.35,0.38,0.365,0.015000000000000013,109,0.47945205479452063,0.5135135135135135,0.49648278415401703,0.017030729359496427,116,0.7608695652173914,0.7916666666666666,0.776268115942029,0.015398550724637639,108,0.4475952047164953,0.48323476961919,0.46541498716784263,0.017819782451347355,115
0.17896556854248047,0.004816532135009766,0.014997482299804688,0.0002465248107910156,False,20,7,6,9,,"{'model__warm_start': False, 'model__n_estimators': 20, 'model__min_samples_split': 7, 'model__min_samples_leaf': 6, 'model__max_depth': 9, 'model__class_weight': None}",0.38,0.39,0.385,0.0050000000000000044,76,0.5170068027210885,0.5200000000000001,0.5185034013605443,0.0014965986394558373,74,0.8085106382978723,0.78,0.7942553191489361,0.01425531914893613,45,0.49118189586836336,0.48458044080763624,0.48788116833799977,0.003300727530363562,70
0.3442569971084595,0.0060149431228637695,0.02298152446746826,0.0033055543899536133,False,40,7,6,9,,"{'model__warm_start': False, 'model__n_estimators': 40, 'model__min_samples_split': 7, 'model__min_samples_leaf': 6, 'model__max_depth': 9, 'model__class_weight': None}",0.31,0.38,0.345,0.035,135,0.43971631205673756,0.5135135135135135,0.4766149127851255,0.036898600728387965,136,0.7560975609756098,0.7916666666666666,0.7738821138211383,0.017784552845528434,115,0.4167454930418925,0.48323476961919,0.4499901313305412,0.03324463828864874,136
0.5195856094360352,0.012490510940551758,0.02483832836151123,0.0006865262985229492,False,60,7,6,9,,"{'model__warm_start': False, 'model__n_estimators': 60, 'model__min_samples_split': 7, 'model__min_samples_leaf': 6, 'model__max_depth': 9, 'model__class_weight': None}",0.42,0.41,0.415,0.0050000000000000044,29,0.5490196078431373,0.5359477124183006,0.542483660130719,0.006535947712418333,31,0.7924528301886793,0.7735849056603774,0.7830188679245284,0.009433962264150941,89,0.511237064996639,0.4950417276919313,0.5031393963442852,0.008097668652353868,42
0.6441664695739746,0.01344442367553711,0.03155100345611572,0.0004559755325317383,False,80,7,6,9,,"{'model__warm_start': False, 'model__n_estimators': 80, 'model__min_samples_split': 7, 'model__min_samples_leaf': 6, 'model__max_depth': 9, 'model__class_weight': None}",0.41,0.43,0.42,0.010000000000000009,19,0.543046357615894,0.5548387096774193,0.5489425336466567,0.005896176030762645,19,0.803921568627451,0.7818181818181819,0.7928698752228165,0.011051693404634577,54,0.510035295080374,0.5126226912516407,0.5113289931660074,0.0012936980856333435,24
0.8022274971008301,0.0007355213165283203,0.03970801830291748,0.004860997200012207,False,100,7,6,9,,"{'model__warm_start': False, 'model__n_estimators': 100, 'model__min_samples_split': 7, 'model__min_samples_leaf': 6, 'model__max_depth': 9, 'model__class_weight': None}",0.35,0.39,0.37,0.020000000000000018,99,0.48275862068965514,0.527027027027027,0.504892823858341,0.022134203168685918,99,0.7777777777777778,0.8125,0.7951388888888888,0.017361111111111105,44,0.45548202322194564,0.5001599808000056,0.4778210020109756,0.022338978789029962,88
0.9929661750793457,0.00032901763916015625,0.05202353000640869,0.000872492790222168,False,120,7,6,9,,"{'model__warm_start': False, 'model__n_estimators': 120, 'model__min_samples_split': 7, 'model__min_samples_leaf': 6, 'model__max_depth': 9, 'model__class_weight': None}",0.36,0.42,0.39,0.03,66,0.4897959183673468,0.5419354838709678,0.5158657011191573,0.02606978275181049,81,0.7659574468085106,0.7636363636363637,0.7647969052224372,0.0011605415860734825,127,0.457010380790148,0.4966894847443088,0.4768499327672284,0.0198395519770804,90
1.1648608446121216,0.008614182472229004,0.05184602737426758,0.008861064910888672,False,140,7,6,9,,"{'model__warm_start': False, 'model__n_estimators': 140, 'model__min_samples_split': 7, 'model__min_samples_leaf': 6, 'model__max_depth': 9, 'model__class_weight': None}",0.33,0.37,0.35,0.01999999999999999,132,0.46478873239436624,0.5034013605442177,0.48409504646929197,0.019306314074925723,132,0.7857142857142857,0.7872340425531915,0.7864741641337386,0.0007598784194529085,78,0.4446110403153157,0.4740961383292557,0.45935358932228565,0.014742549006970002,130
1.3101463317871094,0.003981351852416992,0.05669701099395752,0.001724839210510254,False,160,7,6,9,,"{'model__warm_start': False, 'model__n_estimators': 160, 'model__min_samples_split': 7, 'model__min_samples_leaf': 6, 'model__max_depth': 9, 'model__class_weight': None}",0.36,0.4,0.38,0.020000000000000018,85,0.4897959183673468,0.5369127516778525,0.5133543350225996,0.023558416655252823,84,0.7659574468085106,0.8163265306122449,0.7911419887103778,0.02518454190186714,58,0.457010380790148,0.5090376548037611,0.48302401779695453,0.026013637006806534,81
1.4548879861831665,0.009354948997497559,0.07141053676605225,0.006286501884460449,False,180,7,6,9,,"{'model__warm_start': False, 'model__n_estimators': 180, 'model__min_samples_split': 7, 'model__min_samples_leaf': 6, 'model__max_depth': 9, 'model__class_weight': None}",0.34,0.42,0.38,0.03999999999999998,85,0.47222222222222227,0.5526315789473685,0.5124269005847953,0.040204678362573104,86,0.7727272727272727,0.8076923076923077,0.7902097902097902,0.0174825174825175,62,0.4459956481164268,0.5187781911076178,0.4823869196120223,0.03639127149559551,83
1.640509009361267,0.011762022972106934,0.07771539688110352,0.006473541259765625,False,200,7,6,9,,"{'model__warm_start': False, 'model__n_estimators': 200, 'model__min_samples_split': 7, 'model__min_samples_leaf': 6, 'model__max_depth': 9, 'model__class_weight': None}",0.38,0.41,0.395,0.014999999999999986,56,0.5100671140939598,0.5359477124183006,0.5230074132561302,0.012940299162170432,66,0.7755102040816326,0.7735849056603774,0.774547554871005,0.0009626492106276086,113,0.4754979494029426,0.4950417276919313,0.48526983854743694,0.009771889144494339,76
1.864599347114563,0.006716609001159668,0.08125817775726318,0.0026739835739135742,False,220,7,6,9,,"{'model__warm_start': False, 'model__n_estimators': 220, 'model__min_samples_split': 7, 'model__min_samples_leaf': 6, 'model__max_depth': 9, 'model__class_weight': None}",0.35,0.4,0.375,0.025000000000000022,92,0.47619047619047616,0.5333333333333333,0.5047619047619047,0.02857142857142858,100,0.7446808510638298,0.8,0.7723404255319148,0.027659574468085146,118,0.4399246232510403,0.5011998618129211,0.4705622425319807,0.030637619280940387,106
2.044148087501526,0.009727835655212402,0.07963001728057861,0.005231976509094238,False,240,7,6,9,,"{'model__warm_start': False, 'model__n_estimators': 240, 'model__min_samples_split': 7, 'model__min_samples_leaf': 6, 'model__max_depth': 9, 'model__class_weight': None}",0.38,0.4,0.39,0.010000000000000009,66,0.5066666666666666,0.5298013245033113,0.518233995584989,0.01156732891832235,76,0.76,0.7843137254901961,0.7721568627450981,0.01215686274509803,119,0.4679610198023514,0.49356162201953796,0.4807613209109447,0.012800301108593287,86
2.206686019897461,0.006333112716674805,0.09405744075775146,0.008311629295349121,False,260,7,6,9,,"{'model__warm_start': False, 'model__n_estimators': 260, 'model__min_samples_split': 7, 'model__min_samples_leaf': 6, 'model__max_depth': 9, 'model__class_weight': None}",0.35,0.38,0.365,0.015000000000000013,109,0.48611111111111105,0.5135135135135135,0.49981231231231227,0.013701201201201219,107,0.7954545454545454,0.7916666666666666,0.793560606060606,0.0018939393939393923,51,0.4635970922776406,0.48323476961919,0.4734159309484153,0.009818838670774682,99
2.3708006143569946,0.02383553981781006,0.101981520652771,0.013627409934997559,False,280,7,6,9,,"{'model__warm_start': False, 'model__n_estimators': 280, 'model__min_samples_split': 7, 'model__min_samples_leaf': 6, 'model__max_depth': 9, 'model__class_weight': None}",0.38,0.39,0.385,0.0050000000000000044,76,0.5100671140939598,0.5234899328859061,0.5167785234899329,0.006711409395973145,78,0.7755102040816326,0.7959183673469388,0.7857142857142857,0.010204081632653073,80,0.4754979494029426,0.49226780210335186,0.48388287575314726,0.00838492635020463,78
2.5768665075302124,0.01583540439605713,0.10182929039001465,0.001964569091796875,False,300,7,6,9,,"{'model__warm_start': False, 'model__n_estimators': 300, 'model__min_samples_split': 7, 'model__min_samples_leaf': 6, 'model__max_depth': 9, 'model__class_weight': None}",0.36,0.39,0.375,0.015000000000000013,92,0.48648648648648657,0.5234899328859061,0.5049882096861963,0.018501723199709746,98,0.75,0.7959183673469388,0.7729591836734694,0.022959183673469385,117,0.44938434725755894,0.49226780210335186,0.4708260746804554,0.02144172742289646,105
2.766373872756958,0.005925893783569336,0.12345468997955322,0.0001283884048461914,False,320,7,6,9,,"{'model__warm_start': False, 'model__n_estimators': 320, 'model__min_samples_split': 7, 'model__min_samples_leaf': 6, 'model__max_depth': 9, 'model__class_weight': None}",0.36,0.42,0.39,0.03,66,0.48648648648648657,0.5454545454545454,0.515970515970516,0.029484029484029423,80,0.75,0.7777777777777778,0.7638888888888888,0.013888888888888895,128,0.44938434725755894,0.503876881911261,0.47663061458441,0.027246267326851037,91
2.8845375776290894,0.017966628074645996,0.11197257041931152,0.00018644332885742188,False,340,7,6,9,,"{'model__warm_start': False, 'model__n_estimators': 340, 'model__min_samples_split': 7, 'model__min_samples_leaf': 6, 'model__max_depth': 9, 'model__class_weight': None}",0.34,0.39,0.365,0.024999999999999994,109,0.47222222222222227,0.527027027027027,0.49962462462462465,0.027402402402402354,109,0.7727272727272727,0.8125,0.7926136363636364,0.019886363636363646,56,0.4459956481164268,0.5001599808000056,0.4730778144582162,0.027082166341789393,101
0.1996365785598755,0.007440447807312012,0.01542198657989502,0.0016928911209106445,False,20,15,6,9,,"{'model__warm_start': False, 'model__n_estimators': 20, 'model__min_samples_split': 15, 'model__min_samples_leaf': 6, 'model__max_depth': 9, 'model__class_weight': None}",0.38,0.39,0.385,0.0050000000000000044,76,0.5,0.513157894736842,0.506578947368421,0.006578947368421018,95,0.7307692307692307,0.75,0.7403846153846154,0.009615384615384637,136,0.45344866183576116,0.46978104415372535,0.46161485299474325,0.008166191158982095,127
0.34342288970947266,0.008537054061889648,0.02470552921295166,0.0002294778823852539,False,40,15,6,9,,"{'model__warm_start': False, 'model__n_estimators': 40, 'model__min_samples_split': 15, 'model__min_samples_leaf': 6, 'model__max_depth': 9, 'model__class_weight': None}",0.35,0.41,0.38,0.03,85,0.49645390070921985,0.5256410256410257,0.5110474631751227,0.014593562465902904,87,0.8536585365853658,0.7321428571428571,0.7929006968641115,0.06075783972125437,53,0.4894469732840908,0.47385946055162786,0.48165321691785934,0.007793756366231475,84
0.49473631381988525,0.007703661918640137,0.03303050994873047,0.0011334419250488281,False,60,15,6,9,,"{'model__warm_start': False, 'model__n_estimators': 60, 'model__min_samples_split': 15, 'model__min_samples_leaf': 6, 'model__max_depth': 9, 'model__class_weight': None}",0.36,0.43,0.395,0.035,56,0.4965517241379309,0.5620915032679739,0.5293216137029524,0.03276988956502147,54,0.8,0.8113207547169812,0.8056603773584906,0.005660377358490565,15,0.47290558254398996,0.5274324023013467,0.5001689924226683,0.02726340987867837,49
0.6563720703125,0.00497889518737793,0.039379000663757324,0.0035549402236938477,False,80,15,6,9,,"{'model__warm_start': False, 'model__n_estimators': 80, 'model__min_samples_split': 15, 'model__min_samples_leaf': 6, 'model__max_depth': 9, 'model__class_weight': None}",0.34,0.4,0.37,0.03,99,0.4657534246575342,0.5517241379310346,0.5087387812942844,0.04298535663675018,91,0.7391304347826086,0.8888888888888888,0.8140096618357487,0.0748792270531401,5,0.4303434320309126,0.5425998198321672,0.4864716259315399,0.056128193900627316,74
0.8475785255432129,0.01146554946899414,0.04187154769897461,0.004568576812744141,False,100,15,6,9,,"{'model__warm_start': False, 'model__n_estimators': 100, 'model__min_samples_split': 15, 'model__min_samples_leaf': 6, 'model__max_depth': 9, 'model__class_weight': None}",0.36,0.36,0.36,0.0,117,0.4931506849315068,0.5,0.4965753424657534,0.003424657534246589,115,0.782608695652174,0.8181818181818182,0.8003952569169961,0.017786561264822143,31,0.4648469774020779,0.4811985364388545,0.47302275692046625,0.008175779518388299,102
1.039933443069458,0.003910541534423828,0.043987393379211426,0.00034439563751220703,False,120,15,6,9,,"{'model__warm_start': False, 'model__n_estimators': 120, 'model__min_samples_split': 15, 'model__min_samples_leaf': 6, 'model__max_depth': 9, 'model__class_weight': None}",0.36,0.47,0.415,0.05499999999999999,29,0.4897959183673468,0.5874999999999999,0.5386479591836734,0.04885204081632655,40,0.7659574468085106,0.7833333333333333,0.774645390070922,0.008687943262411346,112,0.457010380790148,0.5397909913189151,0.4984006860545315,0.04139030526438353,50
1.1977201700210571,0.020161032676696777,0.05491495132446289,0.0009429454803466797,False,140,15,6,9,,"{'model__warm_start': False, 'model__n_estimators': 140, 'model__min_samples_split': 15, 'model__min_samples_leaf': 6, 'model__max_depth': 9, 'model__class_weight': None}",0.35,0.36,0.355,0.0050000000000000044,126,0.47619047619047616,0.4931506849315068,0.4846705805609915,0.008480104370515329,130,0.7446808510638298,0.782608695652174,0.7636447733580018,0.018963922294172098,129,0.4399246232510403,0.4648469774020779,0.4523858003265591,0.012461177075518803,132
1.3388078212738037,0.0014071464538574219,0.06215250492095947,0.0021175146102905273,False,160,15,6,9,,"{'model__warm_start': False, 'model__n_estimators': 160, 'model__min_samples_split': 15, 'model__min_samples_leaf': 6, 'model__max_depth': 9, 'model__class_weight': None}",0.33,0.38,0.355,0.024999999999999994,126,0.4583333333333333,0.5205479452054794,0.4894406392694064,0.031107305936073054,129,0.75,0.8260869565217391,0.7880434782608696,0.03804347826086957,74,0.42839420395521294,0.49935052277324327,0.4638723633642281,0.035478159409015164,124
1.49702787399292,0.0017139911651611328,0.07287013530731201,0.003588080406188965,False,180,15,6,9,,"{'model__warm_start': False, 'model__n_estimators': 180, 'model__min_samples_split': 15, 'model__min_samples_leaf': 6, 'model__max_depth': 9, 'model__class_weight': None}",0.35,0.39,0.37,0.020000000000000018,99,0.47945205479452063,0.5200000000000001,0.49972602739726035,0.020273972602739748,108,0.7608695652173914,0.78,0.7704347826086957,0.009565217391304337,120,0.4475952047164953,0.48458044080763624,0.46608782276206573,0.01849261804557048,113
1.6832331418991089,0.005973935127258301,0.06992638111114502,0.0043915510177612305,False,200,15,6,9,,"{'model__warm_start': False, 'model__n_estimators': 200, 'model__min_samples_split': 15, 'model__min_samples_leaf': 6, 'model__max_depth': 9, 'model__class_weight': None}",0.34,0.41,0.375,0.034999999999999976,92,0.47222222222222227,0.543046357615894,0.5076342899190581,0.035412067696835886,94,0.7727272727272727,0.803921568627451,0.7883244206773619,0.015597147950089152,71,0.4459956481164268,0.510035295080374,0.4780154715984004,0.03201982348197363,87
1.8512738943099976,0.00907599925994873,0.07558214664459229,0.0005589723587036133,False,220,15,6,9,,"{'model__warm_start': False, 'model__n_estimators': 220, 'model__min_samples_split': 15, 'model__min_samples_leaf': 6, 'model__max_depth': 9, 'model__class_weight': None}",0.37,0.43,0.4,0.03,48,0.4966442953020134,0.5584415584415584,0.5275429268717859,0.03089863156977249,57,0.7551020408163265,0.7962962962962963,0.7756991685563114,0.0205971277399849,110,0.45872809670253334,0.5199392222733921,0.4893336594879627,0.030605562785429363,67
2.0296199321746826,0.006447792053222656,0.08633553981781006,0.0020955801010131836,False,240,15,6,9,,"{'model__warm_start': False, 'model__n_estimators': 240, 'model__min_samples_split': 15, 'model__min_samples_leaf': 6, 'model__max_depth': 9, 'model__class_weight': None}",0.37,0.4,0.385,0.015000000000000013,76,0.5034013605442177,0.5333333333333333,0.5183673469387755,0.014965986394557818,75,0.7872340425531915,0.8,0.7936170212765958,0.0063829787234042645,48,0.4740961383292557,0.5011998618129211,0.4876480000710884,0.013551861741832705,71
2.1409757137298584,0.021729469299316406,0.1158822774887085,0.002362370491027832,False,260,15,6,9,,"{'model__warm_start': False, 'model__n_estimators': 260, 'model__min_samples_split': 15, 'model__min_samples_leaf': 6, 'model__max_depth': 9, 'model__class_weight': None}",0.34,0.38,0.36,0.01999999999999999,117,0.4689655172413793,0.5135135135135135,0.49123951537744637,0.02227399813606709,125,0.7555555555555555,0.7916666666666666,0.773611111111111,0.018055555555555547,116,0.43805846389990133,0.48323476961919,0.46064661675954566,0.022588152859644328,129
2.388275146484375,0.017860889434814453,0.1107339859008789,0.003543853759765625,False,280,15,6,9,,"{'model__warm_start': False, 'model__n_estimators': 280, 'model__min_samples_split': 15, 'model__min_samples_leaf': 6, 'model__max_depth': 9, 'model__class_weight': None}",0.33,0.41,0.37,0.03999999999999998,99,0.4583333333333333,0.5394736842105263,0.4989035087719298,0.040570175438596506,110,0.75,0.7884615384615384,0.7692307692307692,0.019230769230769218,124,0.42839420395521294,0.5024458087896537,0.4654200063724333,0.037025802417220394,114
2.565219521522522,0.01588141918182373,0.1275634765625,0.0029904842376708984,False,300,15,6,9,,"{'model__warm_start': False, 'model__n_estimators': 300, 'model__min_samples_split': 15, 'model__min_samples_leaf': 6, 'model__max_depth': 9, 'model__class_weight': None}",0.35,0.39,0.37,0.020000000000000018,99,0.47945205479452063,0.527027027027027,0.5032395409107738,0.02378748611625317,101,0.7608695652173914,0.8125,0.7866847826086957,0.025815217391304324,77,0.4475952047164953,0.5001599808000056,0.4738775927582504,0.026282388041755145,97
2.7885719537734985,0.00013887882232666016,0.10506105422973633,0.0013899803161621094,False,320,15,6,9,,"{'model__warm_start': False, 'model__n_estimators': 320, 'model__min_samples_split': 15, 'model__min_samples_leaf': 6, 'model__max_depth': 9, 'model__class_weight': None}",0.36,0.4,0.38,0.020000000000000018,85,0.4897959183673468,0.5263157894736842,0.5080558539205156,0.018259935553168682,92,0.7659574468085106,0.7692307692307693,0.76759410801964,0.00163666121112932,125,0.457010380790148,0.48611342647168954,0.47156190363091877,0.01455152284077077,104
2.925557494163513,0.002848505973815918,0.11691808700561523,0.004002094268798828,False,340,15,6,9,,"{'model__warm_start': False, 'model__n_estimators': 340, 'model__min_samples_split': 15, 'model__min_samples_leaf': 6, 'model__max_depth': 9, 'model__class_weight': None}",0.33,0.41,0.37,0.03999999999999998,99,0.45517241379310347,0.5394736842105263,0.4973230490018149,0.04215063520871143,114,0.7333333333333333,0.7884615384615384,0.7608974358974359,0.027564102564102577,133,0.420634904577857,0.5024458087896537,0.46154035668375537,0.040905452105898354,128
0.16352510452270508,0.0005528926849365234,0.018508434295654297,0.002797365188598633,False,20,20,6,9,,"{'model__warm_start': False, 'model__n_estimators': 20, 'model__min_samples_split': 20, 'model__min_samples_leaf': 6, 'model__max_depth': 9, 'model__class_weight': None}",0.32,0.38,0.35,0.03,132,0.45390070921985815,0.5066666666666666,0.48028368794326237,0.026382978723404227,134,0.7804878048780488,0.76,0.7702439024390244,0.0102439024390244,121,0.4349208631024421,0.4679610198023514,0.45144094145239677,0.016520078349954642,134
0.32782554626464844,0.010803461074829102,0.02170252799987793,0.0011394023895263672,False,40,20,6,9,,"{'model__warm_start': False, 'model__n_estimators': 40, 'model__min_samples_split': 20, 'model__min_samples_leaf': 6, 'model__max_depth': 9, 'model__class_weight': None}",0.32,0.39,0.355,0.035,126,0.4507042253521127,0.5306122448979592,0.4906582351250359,0.039954009772923266,126,0.7619047619047619,0.8297872340425532,0.7958459979736575,0.03394123606889565,43,0.4266340896244385,0.508267653407471,0.46745087151595477,0.040816781891516274,112
0.49852943420410156,0.0024864673614501953,0.02830648422241211,0.002061605453491211,False,60,20,6,9,,"{'model__warm_start': False, 'model__n_estimators': 60, 'model__min_samples_split': 20, 'model__min_samples_leaf': 6, 'model__max_depth': 9, 'model__class_weight': None}",0.33,0.46,0.395,0.065,56,0.45517241379310347,0.5859872611464968,0.5205798374698001,0.06540742367669666,71,0.7333333333333333,0.8070175438596491,0.7701754385964912,0.0368421052631579,122,0.420634904577857,0.545546294491162,0.4830905995345095,0.062455694956652485,80
0.7219704389572144,0.007831692695617676,0.041082143783569336,0.0006010532379150391,False,80,20,6,9,,"{'model__warm_start': False, 'model__n_estimators': 80, 'model__min_samples_split': 20, 'model__min_samples_leaf': 6, 'model__max_depth': 9, 'model__class_weight': None}",0.33,0.39,0.36,0.03,117,0.4583333333333333,0.527027027027027,0.4926801801801801,0.03434684684684683,123,0.75,0.8125,0.78125,0.03125,97,0.42839420395521294,0.5001599808000056,0.4642770923776093,0.035882888422396314,120
0.9208389520645142,0.005073189735412598,0.044260382652282715,0.006525635719299316,False,100,20,6,9,,"{'model__warm_start': False, 'model__n_estimators': 100, 'model__min_samples_split': 20, 'model__min_samples_leaf': 6, 'model__max_depth': 9, 'model__class_weight': None}",0.38,0.37,0.375,0.0050000000000000044,92,0.5135135135135135,0.5068493150684931,0.5101814142910033,0.0033320992225102097,88,0.7916666666666666,0.8043478260869565,0.7980072463768115,0.006340579710144956,36,0.48323476961919,0.48209875008766057,0.4826667598534253,0.0005680097657647099,82
1.0888886451721191,0.0021724700927734375,0.04926478862762451,0.0001310110092163086,False,120,20,6,9,,"{'model__warm_start': False, 'model__n_estimators': 120, 'model__min_samples_split': 20, 'model__min_samples_leaf': 6, 'model__max_depth': 9, 'model__class_weight': None}",0.32,0.38,0.35,0.03,132,0.45390070921985815,0.5135135135135135,0.4837071113666858,0.02980640214682767,133,0.7804878048780488,0.7916666666666666,0.7860772357723578,0.005589430894308911,79,0.4349208631024421,0.48323476961919,0.459077816360816,0.024156953258373942,131
1.2199721336364746,0.017734050750732422,0.05675089359283447,0.0009061098098754883,False,140,20,6,9,,"{'model__warm_start': False, 'model__n_estimators': 140, 'model__min_samples_split': 20, 'model__min_samples_leaf': 6, 'model__max_depth': 9, 'model__class_weight': None}",0.39,0.37,0.38,0.010000000000000009,85,0.5200000000000001,0.5103448275862069,0.5151724137931035,0.004827586206896606,82,0.78,0.8222222222222222,0.8011111111111111,0.02111111111111108,28,0.48458044080763624,0.49032914186603427,0.4874547913368352,0.0028743505291990157,72
1.3565164804458618,0.004006505012512207,0.05497586727142334,0.002489924430847168,False,160,20,6,9,,"{'model__warm_start': False, 'model__n_estimators': 160, 'model__min_samples_split': 20, 'model__min_samples_leaf': 6, 'model__max_depth': 9, 'model__class_weight': None}",0.36,0.37,0.365,0.0050000000000000044,109,0.4897959183673468,0.5068493150684931,0.49832261671791994,0.008526698350573125,111,0.7659574468085106,0.8043478260869565,0.7851526364477336,0.019195189639222954,81,0.457010380790148,0.48209875008766057,0.4695545654389043,0.012544184648756285,108
1.5038377046585083,0.006400465965270996,0.07230639457702637,0.00406956672668457,False,180,20,6,9,,"{'model__warm_start': False, 'model__n_estimators': 180, 'model__min_samples_split': 20, 'model__min_samples_leaf': 6, 'model__max_depth': 9, 'model__class_weight': None}",0.39,0.39,0.39,0.0,66,0.5165562913907285,0.5306122448979592,0.5235842681443439,0.007027976753615384,65,0.7647058823529411,0.8297872340425532,0.7972465581977471,0.03254067584480602,39,0.4770879489587018,0.508267653407471,0.49267780118308646,0.01558985222438461,64
1.662402629852295,0.0020864009857177734,0.08387792110443115,0.0035611391067504883,False,200,20,6,9,,"{'model__warm_start': False, 'model__n_estimators': 200, 'model__min_samples_split': 20, 'model__min_samples_leaf': 6, 'model__max_depth': 9, 'model__class_weight': None}",0.33,0.38,0.355,0.024999999999999994,126,0.45517241379310347,0.5135135135135135,0.4843429636533085,0.02917054986020501,131,0.7333333333333333,0.7916666666666666,0.7625,0.029166666666666674,130,0.420634904577857,0.48323476961919,0.4519348370985235,0.031299932520666485,133
1.783164143562317,0.003132939338684082,0.07515299320220947,0.003296971321105957,False,220,20,6,9,,"{'model__warm_start': False, 'model__n_estimators': 220, 'model__min_samples_split': 20, 'model__min_samples_leaf': 6, 'model__max_depth': 9, 'model__class_weight': None}",0.37,0.39,0.38,0.010000000000000009,85,0.49333333333333335,0.527027027027027,0.5101801801801802,0.016846846846846814,89,0.74,0.8125,0.77625,0.036250000000000004,109,0.45134159879706653,0.5001599808000056,0.475750789798536,0.024409191001469516,92
1.883302927017212,0.03557705879211426,0.06880712509155273,0.008584976196289062,False,240,20,6,9,,"{'model__warm_start': False, 'model__n_estimators': 240, 'model__min_samples_split': 20, 'model__min_samples_leaf': 6, 'model__max_depth': 9, 'model__class_weight': None}",0.35,0.38,0.365,0.015000000000000013,109,0.47945205479452063,0.5241379310344828,0.5017949929145017,0.022342938119981087,103,0.7608695652173914,0.8444444444444444,0.8026570048309178,0.041787439613526545,21,0.4475952047164953,0.5077527011880786,0.47767395295228693,0.030078748235791652,89
2.0337607860565186,0.0032579898834228516,0.06735610961914062,0.0014088153839111328,False,260,20,6,9,,"{'model__warm_start': False, 'model__n_estimators': 260, 'model__min_samples_split': 20, 'model__min_samples_leaf': 6, 'model__max_depth': 9, 'model__class_weight': None}",0.33,0.41,0.37,0.03999999999999998,99,0.4583333333333333,0.543046357615894,0.5006898454746137,0.04235651214128036,105,0.75,0.803921568627451,0.7769607843137255,0.026960784313725505,106,0.42839420395521294,0.510035295080374,0.4692147495177935,0.04082054556258055,109
2.0604610443115234,0.003206968307495117,0.06823647022247314,3.230571746826172e-05,False,280,20,6,9,,"{'model__warm_start': False, 'model__n_estimators': 280, 'model__min_samples_split': 20, 'model__min_samples_leaf': 6, 'model__max_depth': 9, 'model__class_weight': None}",0.32,0.4,0.36,0.04000000000000001,117,0.4507042253521127,0.5333333333333333,0.492018779342723,0.04131455399061032,124,0.7619047619047619,0.8,0.780952380952381,0.01904761904761909,99,0.4266340896244385,0.5011998618129211,0.4639169757186798,0.037282886094241297,123
2.0137969255447388,0.02174079418182373,0.05795145034790039,0.005858659744262695,False,300,20,6,9,,"{'model__warm_start': False, 'model__n_estimators': 300, 'model__min_samples_split': 20, 'model__min_samples_leaf': 6, 'model__max_depth': 9, 'model__class_weight': None}",0.34,0.37,0.355,0.014999999999999986,126,0.47222222222222227,0.5068493150684931,0.48953576864535764,0.0173135464231354,128,0.7727272727272727,0.8043478260869565,0.7885375494071146,0.015810276679841917,70,0.4459956481164268,0.48209875008766057,0.4640471991020437,0.018051550985616893,122
2.085014581680298,0.018813371658325195,0.060947537422180176,0.0015014410018920898,False,320,20,6,9,,"{'model__warm_start': False, 'model__n_estimators': 320, 'model__min_samples_split': 20, 'model__min_samples_leaf': 6, 'model__max_depth': 9, 'model__class_weight': None}",0.34,0.37,0.355,0.014999999999999986,126,0.4689655172413793,0.5103448275862069,0.4896551724137931,0.020689655172413807,127,0.7555555555555555,0.8222222222222222,0.7888888888888889,0.033333333333333326,68,0.43805846389990133,0.49032914186603427,0.4641938028829678,0.02613533898306647,121
1.9950406551361084,0.020662546157836914,0.0609283447265625,0.0005135536193847656,False,340,20,6,9,,"{'model__warm_start': False, 'model__n_estimators': 340, 'model__min_samples_split': 20, 'model__min_samples_leaf': 6, 'model__max_depth': 9, 'model__class_weight': None}",0.36,0.46,0.41000000000000003,0.05000000000000002,33,0.4931506849315068,0.5897435897435898,0.5414471373375482,0.04829645240604146,33,0.782608695652174,0.8214285714285714,0.8020186335403727,0.019409937888198725,23,0.4648469774020779,0.5528982725953062,0.5088726249986921,0.04402564759661415,28
